agent,personality,total_score,matches_played,deals_made,avg_deal_time,total_profit_savings,win_rate,avg_score
Wildcard_Hotel,wildcard,1760.1299999999999,70,32,0.0001080930233001709,6648.029464678942,0.45714285714285713,25.144714285714283
Aggressive_Alpha,aggressive,509.86,70,10,0.00024259090423583984,541.7650381328947,0.14285714285714285,7.283714285714286
Diplomat_Charlie,diplomatic,387.74,70,13,7.682580214280348e-05,2136.890380443458,0.18571428571428572,5.539142857142857
Wildcard_Golf,wildcard,291.91999999999996,70,15,0.0,-46.40053881700614,0.21428571428571427,4.170285714285714
Analyst_Echo,analytical,131.39,70,4,0.0,570.0095205144569,0.05714285714285714,1.8769999999999998
Analyst_Foxtrot,analytical,118.61999999999999,70,10,0.0,-431.3002128112165,0.14285714285714285,1.6945714285714284
Aggressive_Beta,aggressive,52.56999999999999,70,9,0.00011144744025336372,-1511.8871311659345,0.12857142857142856,0.7509999999999999
Diplomat_Delta,diplomatic,-1644.0900000000001,70,29,3.547504030424973e-05,4236.812232348839,0.4142857142857143,-23.487000000000002
