agent,personality,total_score,matches_played,deals_made,avg_deal_time,total_profit_savings,win_rate,avg_score
Wildcard_Hotel,wildcard,2056.53,70,43,4.6380730562431866e-05,8467.928470975172,0.6142857142857143,29.379
Aggressive_Beta,aggressive,1533.6499999999999,70,43,0.00011294387107671693,370.7657032710309,0.6142857142857143,21.909285714285712
Aggressive_Alpha,aggressive,1320.59,70,32,0.00024515390396118164,833.2334925943107,0.45714285714285713,18.865571428571428
Analyst_Foxtrot,analytical,1060.2400000000002,70,35,8.502687726702009e-05,4153.760979829039,0.5,15.146285714285717
Wildcard_Golf,wildcard,893.3900000000001,70,29,0.00013742775752626616,650.0486912897688,0.4142857142857143,12.762714285714287
Diplomat_Delta,diplomatic,811.69,70,39,5.1217201428535656e-05,1419.6128354863758,0.5571428571428572,11.595571428571429
Analyst_Echo,analytical,675.84,70,17,0.00017645779777975644,1199.4209384409078,0.24285714285714285,9.654857142857143
Diplomat_Charlie,diplomatic,430.9,70,16,6.233155727386475e-05,2495.643777947801,0.22857142857142856,6.155714285714286
